n,planner,status,correct,spill,measured_total_cycles,radix_sequence,kernel_partition,num_kernels,execution_strategy,kernel_cycles,scratchpad_uthreads,dram_read_bytes,dram_write_bytes,transpose_count,large_twiddle_count,numeric_max_error,diagnostics,num_kernels_num,transpose_count_num,cycles_num,correct_bool,spill_bool
12,m2ndp-native,spill_free_correct,True,False,3011,"[[4, 3]]","FFT(length=12,total_uthreads=1)",1,plain,"{""FFTRecLeaf0"": 3011}",[1],96,96,0,0,1.283168272521372e-09,,1.0,0.0,3011.0,True,False
12,gpu-clfft,spill_free_correct,True,False,3028,"[[6, 2]]","FFT(length=12,total_uthreads=1)",1,cooperative,"{""FFTClfft"": 3028}",[1],96,96,0,0,1.2950901777647852e-09,,1.0,0.0,3028.0,True,False
12,gpu-rocfft-default,unsupported,not_available,not_available,not_available,not_available,not_available,not_available,not_available,not_available,not_available,not_available,not_available,not_available,not_available,not_available,"[unsupported_hardware_mapping] the GPU planner wants 6 work items cooperating per transform, which is neither a divisor nor a multiple of target.interleave_chunk_uthreads=8 -- no whole number of the M2NDP address decoder's periodic interleave chunks can ever produce this exact count on one physical NDP unit (proven via direct simulator source trace, see BaselineStatus's own docstring)
original GPU configuration: source=rocfft-default length=12 radices=(6, 2) extra={'scheme': 'CS_KERNEL_STOCKHAM', 'workgroup_size': 128, 'threads_per_transform': 6, 'transforms_per_block': 21, 'mechanism': 'compiled-in function_pool default (config_sbrr.py)'}",,,,,
12,gpu-vkfft,spill_free_correct,True,False,3472,"[[6, 2]]","FFT(length=12,total_uthreads=2)",1,cooperative,"{""FFTVkfftLeaf0"": 3472}",[2],192,192,0,0,1.2950901777647852e-09,,1.0,0.0,3472.0,True,False
16,m2ndp-native,spill_free_correct,True,False,2902,"[[4, 4]]","FFT(length=16,total_uthreads=1)",1,plain,"{""FFTRecLeaf0"": 2902}",[1],128,128,0,0,2.3148985875762223e-09,,1.0,0.0,2902.0,True,False
16,gpu-clfft,spill_free_correct,True,False,2570,"[[4, 4]]","FFT(length=16,total_uthreads=4)",1,cooperative,"{""FFTClfft"": 2570}",[4],512,512,0,0,2.3148985875762223e-09,,1.0,0.0,2570.0,True,False
16,gpu-rocfft-default,spill_free_correct,True,False,2570,"[[4, 4]]","FFT(length=16,total_uthreads=4)",1,cooperative,"{""FFTRocfftDefault"": 2570}",[4],512,512,0,0,2.3148985875762223e-09,,1.0,0.0,2570.0,True,False
16,gpu-vkfft,spill_free_correct,True,False,2570,"[[4, 4]]","FFT(length=16,total_uthreads=4)",1,cooperative,"{""FFTVkfftLeaf0"": 2570}",[4],512,512,0,0,2.3148985875762223e-09,,1.0,0.0,2570.0,True,False
20,m2ndp-native,spill_free_correct,True,False,3927,"[[4, 5]]","FFT(length=20,total_uthreads=1)",1,plain,"{""FFTRecLeaf0"": 3927}",[1],160,160,0,0,4.617453576260046e-09,,1.0,0.0,3927.0,True,False
20,gpu-clfft,spilling,True,True,4217,"[[10, 2]]","FFT(length=20,total_uthreads=1)",1,cooperative,"{""FFTClfft"": 4217}",[1],160,160,0,0,5.019517570782985e-09,,1.0,0.0,4217.0,True,True
20,gpu-rocfft-default,unsupported,not_available,not_available,not_available,not_available,not_available,not_available,not_available,not_available,not_available,not_available,not_available,not_available,not_available,not_available,"[unsupported_hardware_mapping] the GPU planner wants 10 work items cooperating per transform, which is neither a divisor nor a multiple of target.interleave_chunk_uthreads=8 -- no whole number of the M2NDP address decoder's periodic interleave chunks can ever produce this exact count on one physical NDP unit (proven via direct simulator source trace, see BaselineStatus's own docstring)
original GPU configuration: source=rocfft-default length=20 radices=(5, 4) extra={'scheme': 'CS_KERNEL_STOCKHAM', 'workgroup_size': 256, 'threads_per_transform': 10, 'transforms_per_block': 25, 'mechanism': 'compiled-in function_pool default (config_sbrr.py)'}",,,,,
20,gpu-vkfft,unsupported,not_available,not_available,not_available,not_available,not_available,not_available,not_available,not_available,not_available,not_available,not_available,not_available,not_available,not_available,"[unsupported_hardware_mapping] the GPU planner wants 5 work items cooperating per transform, which is neither a divisor nor a multiple of target.interleave_chunk_uthreads=8 -- no whole number of the M2NDP address decoder's periodic interleave chunks can ever produce this exact count on one physical NDP unit (proven via direct simulator source trace, see BaselineStatus's own docstring)
original GPU configuration: source=vkfft length=20 radices=(10, 2) extra={'workers_per_fft': 5, 'transforms_per_block': 1, 'register_boost': 1, 'upload_id': 0}",,,,,
24,m2ndp-native,spill_free_correct,True,False,5533,"[[4, 2, 3]]","FFT(length=24,total_uthreads=1)",1,plain,"{""FFTRecLeaf0"": 5533}",[1],192,192,0,0,3.2667628595999063e-09,,1.0,0.0,5533.0,True,False
24,gpu-clfft,spill_free_correct,True,False,4389,"[[6, 4]]","FFT(length=24,total_uthreads=2)",1,cooperative,"{""FFTClfft"": 4389}",[2],384,384,0,0,3.068064271903203e-09,,1.0,0.0,4389.0,True,False
24,gpu-rocfft-default,spilling,True,True,not_available,"[[8, 3]]","FFT(length=24,total_uthreads=8)",1,cooperative,{},[8],1536,1536,0,0,2.4618885337857144e-09,,1.0,0.0,,True,True
24,gpu-vkfft,spilling,True,True,not_available,"[[8, 3]]","FFT(length=24,total_uthreads=4)",1,cooperative,{},[4],768,768,0,0,2.4618885337857144e-09,,1.0,0.0,,True,True
32,m2ndp-native,spill_free_correct,True,False,6401,"[[4, 4, 2]]","FFT(length=32,total_uthreads=1)",1,plain,"{""FFTRecLeaf0"": 6401}",[1],256,256,0,0,4.680528761383531e-09,,1.0,0.0,6401.0,True,False
32,gpu-clfft,spilling,True,True,not_available,"[[8, 4]]","FFT(length=32,total_uthreads=4)",1,cooperative,{},[4],1024,1024,0,0,3.5888162705648876e-09,,1.0,0.0,,True,True
32,gpu-rocfft-default,spill_free_correct,True,False,6359,"[[8, 4]]","FFT(length=32,total_uthreads=256)",1,persistent,"{""FFTRocfftDefault"": 6359}",[256],65536,65536,0,0,3.5888162705648876e-09,,1.0,0.0,6359.0,True,False
32,gpu-vkfft,spilling,True,True,not_available,"[[8, 4]]","FFT(length=32,total_uthreads=4)",1,cooperative,{},[4],1024,1024,0,0,3.5888162705648876e-09,,1.0,0.0,,True,True
40,m2ndp-native,spill_free_correct,True,False,9366,"[[4, 2, 5]]","FFT(length=40,total_uthreads=1)",1,plain,"{""FFTRecLeaf0"": 9366}",[1],320,320,0,0,1.0584431936850947e-08,,1.0,0.0,9366.0,True,False
40,gpu-clfft,spilling,True,True,8605,"[[10, 4]]","FFT(length=40,total_uthreads=2)",1,cooperative,"{""FFTClfft"": 8605}",[2],640,640,0,0,1.0253848202303928e-08,,1.0,0.0,8605.0,True,True
40,gpu-rocfft-default,unsupported,not_available,not_available,not_available,not_available,not_available,not_available,not_available,not_available,not_available,not_available,not_available,not_available,not_available,not_available,"[unsupported_hardware_mapping] the GPU planner wants 10 work items cooperating per transform, which is neither a divisor nor a multiple of target.interleave_chunk_uthreads=8 -- no whole number of the M2NDP address decoder's periodic interleave chunks can ever produce this exact count on one physical NDP unit (proven via direct simulator source trace, see BaselineStatus's own docstring)
original GPU configuration: source=rocfft-default length=40 radices=(10, 4) extra={'scheme': 'CS_KERNEL_STOCKHAM', 'workgroup_size': 128, 'threads_per_transform': 10, 'transforms_per_block': 12, 'mechanism': 'compiled-in function_pool default (config_sbrr.py)'}",,,,,
40,gpu-vkfft,unsupported,not_available,not_available,not_available,not_available,not_available,not_available,not_available,not_available,not_available,not_available,not_available,not_available,not_available,not_available,"[unsupported_hardware_mapping] the GPU planner wants 10 work items cooperating per transform, which is neither a divisor nor a multiple of target.interleave_chunk_uthreads=8 -- no whole number of the M2NDP address decoder's periodic interleave chunks can ever produce this exact count on one physical NDP unit (proven via direct simulator source trace, see BaselineStatus's own docstring)
original GPU configuration: source=vkfft length=40 radices=(10, 4) extra={'workers_per_fft': 10, 'transforms_per_block': 1, 'register_boost': 1, 'upload_id': 0}",,,,,
48,m2ndp-native,spill_free_correct,True,False,10188,"[[4, 4, 3]]","FFT(length=48,total_uthreads=1)",1,plain,"{""FFTRecLeaf0"": 10188}",[1],384,384,0,0,6.712903643441863e-09,,1.0,0.0,10188.0,True,False
48,gpu-clfft,spill_free_correct,True,False,6811,"[[6, 4, 2]]","FFT(length=48,total_uthreads=4)",1,cooperative,"{""FFTClfft"": 6811}",[4],1536,1536,0,0,4.7672013413069905e-09,,1.0,0.0,6811.0,True,False
48,gpu-rocfft-default,spill_free_correct,True,False,9788,"[[4, 3, 4]]","FFT(length=48,total_uthreads=256)",1,persistent,"{""FFTRocfftDefault"": 9788}",[256],98304,98304,0,0,7.174344094952199e-09,,1.0,0.0,9788.0,True,False
48,gpu-vkfft,spilling,True,True,not_available,"[[8, 6]]","FFT(length=48,total_uthreads=8)",1,cooperative,{},[8],3072,3072,0,0,4.350408043185138e-09,,1.0,0.0,,True,True
64,m2ndp-native,spilling,True,True,13126,"[[4, 4, 4]]","FFT(length=64,total_uthreads=1)",1,plain,"{""FFTRecLeaf0"": 13126}",[1],512,512,0,0,6.8842568609394675e-09,,1.0,0.0,13126.0,True,True
64,gpu-clfft,spill_free_correct,True,False,9089,"[[4, 4, 4]]","FFT(length=64,total_uthreads=256)",1,persistent,"{""FFTClfft"": 9089}",[256],131072,131072,0,0,6.8842568609394675e-09,,1.0,0.0,9089.0,True,False
64,gpu-rocfft-default,spill_free_correct,True,False,9089,"[[4, 4, 4]]","FFT(length=64,total_uthreads=256)",1,persistent,"{""FFTRocfftDefault"": 9089}",[256],131072,131072,0,0,6.8842568609394675e-09,,1.0,0.0,9089.0,True,False
64,gpu-vkfft,spilling,True,True,not_available,"[[8, 8]]","FFT(length=64,total_uthreads=8)",1,cooperative,{},[8],4096,4096,0,0,6.669607935794647e-09,,1.0,0.0,,True,True
80,m2ndp-native,spilling,True,True,17407,"[[4, 4, 5]]","FFT(length=80,total_uthreads=1)",1,plain,"{""FFTRecLeaf0"": 17407}",[1],640,640,0,0,1.572336814119914e-08,,1.0,0.0,17407.0,True,True
80,gpu-clfft,spilling,True,True,16988,"[[10, 4, 2]]","FFT(length=80,total_uthreads=4)",1,cooperative,"{""FFTClfft"": 16988}",[4],2560,2560,0,0,1.5253400840342472e-08,,1.0,0.0,16988.0,True,True
80,gpu-rocfft-default,unsupported,not_available,not_available,not_available,not_available,not_available,not_available,not_available,not_available,not_available,not_available,not_available,not_available,not_available,not_available,"[unsupported_hardware_mapping] the GPU planner wants 10 work items cooperating per transform, which is neither a divisor nor a multiple of target.interleave_chunk_uthreads=8 -- no whole number of the M2NDP address decoder's periodic interleave chunks can ever produce this exact count on one physical NDP unit (proven via direct simulator source trace, see BaselineStatus's own docstring)
original GPU configuration: source=rocfft-default length=80 radices=(5, 2, 8) extra={'scheme': 'CS_KERNEL_STOCKHAM', 'workgroup_size': 64, 'threads_per_transform': 10, 'transforms_per_block': 6, 'mechanism': 'compiled-in function_pool default (config_sbrr.py)'}",,,,,
80,gpu-vkfft,unsupported,not_available,not_available,not_available,not_available,not_available,not_available,not_available,not_available,not_available,not_available,not_available,not_available,not_available,not_available,"[unsupported_hardware_mapping] the GPU planner wants 20 work items cooperating per transform, which is neither a divisor nor a multiple of target.interleave_chunk_uthreads=8 -- no whole number of the M2NDP address decoder's periodic interleave chunks can ever produce this exact count on one physical NDP unit (proven via direct simulator source trace, see BaselineStatus's own docstring)
original GPU configuration: source=vkfft length=80 radices=(10, 8) extra={'workers_per_fft': 20, 'transforms_per_block': 1, 'register_boost': 1, 'upload_id': 0}",,,,,
96,m2ndp-native,spill_free_correct,True,False,16233,"[[4, 4, 2, 3]]","FFT(length=96,total_uthreads=1)",1,plain,"{""FFTRecLeaf0"": 16233}",[1],768,768,0,0,3.643793031579194e-09,,1.0,0.0,16233.0,True,False
96,gpu-clfft,spill_free_correct,True,False,7886,"[[6, 4, 4]]","FFT(length=96,total_uthreads=8)",1,cooperative,"{""FFTClfft"": 7886}",[8],6144,6144,0,0,1.2375695328762173e-08,,1.0,0.0,7886.0,True,False
96,gpu-rocfft-default,spilling,True,True,7241,"[[6, 16]]","FFT(length=96,total_uthreads=256)",1,persistent,"{""FFTRocfftDefault"": 7241}",[256],196608,196608,0,0,1.2375695328762173e-08,,1.0,0.0,7241.0,True,True
96,gpu-vkfft,spilling,True,True,2579,"[[8, 6, 2]]","FFT(length=96,total_uthreads=256)",1,persistent,"{""FFTVkfftLeaf0"": 2579}",[256],196608,196608,0,0,7.4233155691508105e-09,,1.0,0.0,2579.0,True,True
120,m2ndp-native,spill_free_correct,True,False,22118,"[[4, 2, 3, 5]]","FFT(length=120,total_uthreads=1)",1,plain,"{""FFTRecLeaf0"": 22118}",[1],960,960,0,0,1.3014117239338704e-08,,1.0,0.0,22118.0,True,False
120,gpu-clfft,spilling,True,True,19038,"[[10, 6, 2]]","FFT(length=120,total_uthreads=4)",1,cooperative,"{""FFTClfft"": 19038}",[4],3840,3840,0,0,1.9034002999704436e-08,,1.0,0.0,19038.0,True,True
120,gpu-rocfft-default,unsupported,not_available,not_available,not_available,not_available,not_available,not_available,not_available,not_available,not_available,not_available,not_available,not_available,not_available,not_available,"[unsupported_hardware_mapping] the GPU planner wants 12 work items cooperating per transform, which is neither a divisor nor a multiple of target.interleave_chunk_uthreads=8 -- no whole number of the M2NDP address decoder's periodic interleave chunks can ever produce this exact count on one physical NDP unit (proven via direct simulator source trace, see BaselineStatus's own docstring)
original GPU configuration: source=rocfft-default length=120 radices=(6, 10, 2) extra={'scheme': 'CS_KERNEL_STOCKHAM', 'workgroup_size': 64, 'threads_per_transform': 12, 'transforms_per_block': 5, 'mechanism': 'compiled-in function_pool default (config_sbrr.py)'}",,,,,
120,gpu-vkfft,spilling,True,True,41868,"[[10, 6, 2]]","FFT(length=120,total_uthreads=256)",1,persistent,"{""FFTVkfftLeaf0"": 41868}",[256],245760,245760,0,0,1.9034002999704436e-08,,1.0,0.0,41868.0,True,True
128,m2ndp-native,spill_free_correct,True,False,22587,"[[4, 4, 4, 2]]","FFT(length=128,total_uthreads=1)",1,plain,"{""FFTRecLeaf0"": 22587}",[1],1024,1024,0,0,1.2434497875801753e-14,,1.0,0.0,22587.0,True,False
128,gpu-clfft,spill_free_correct,True,False,14433,"[[8, 4, 4]]","FFT(length=128,total_uthreads=256)",1,persistent,"{""FFTClfft"": 14433}",[256],262144,262144,0,0,1.2546057601205936e-08,,1.0,0.0,14433.0,True,False
128,gpu-rocfft-default,spilling,True,True,3159,"[[16, 8]]","FFT(length=128,total_uthreads=256)",1,persistent,"{""FFTRocfftDefault"": 3159}",[256],262144,262144,0,0,1.4443681419431395e-08,,1.0,0.0,3159.0,True,True
128,gpu-vkfft,spill_free_correct,True,False,15992,"[[8, 8, 2]]","FFT(length=128,total_uthreads=256)",1,persistent,"{""FFTVkfftLeaf0"": 15992}",[256],262144,262144,0,0,1.2593631962560995e-08,,1.0,0.0,15992.0,True,False
192,m2ndp-native,spill_free_correct,True,False,30463,"[[4, 4, 4, 3]]","FFT(length=192,total_uthreads=1)",1,plain,"{""FFTRecLeaf0"": 30463}",[1],1536,1536,0,0,4.168398251298055e-09,,1.0,0.0,30463.0,True,False
192,gpu-clfft,spill_free_correct,True,False,20795,"[[6, 4, 4, 2]]","FFT(length=192,total_uthreads=256)",1,persistent,"{""FFTClfft"": 20795}",[256],393216,393216,0,0,1.6241844158028585e-08,,1.0,0.0,20795.0,True,False
192,gpu-rocfft-default,spill_free_correct,True,False,20795,"[[6, 4, 4, 2]]","FFT(length=192,total_uthreads=256)",1,persistent,"{""FFTRocfftDefault"": 20795}",[256],393216,393216,0,0,1.6241844158028585e-08,,1.0,0.0,20795.0,True,False
192,gpu-vkfft,spill_free_correct,True,False,20283,"[[8, 8, 3]]","FFT(length=192,total_uthreads=256)",1,persistent,"{""FFTVkfftLeaf0"": 20283}",[256],393216,393216,0,0,1.3628785227928652e-08,,1.0,0.0,20283.0,True,False
216,m2ndp-native,spill_free_correct,True,False,43735,"[[4, 2, 3, 3, 3]]","FFT(length=216,total_uthreads=1)",1,plain,"{""FFTRecLeaf0"": 43735}",[1],1728,1728,0,0,1.3353759161435246e-08,,1.0,0.0,43735.0,True,False
216,gpu-clfft,unsupported,not_available,not_available,not_available,not_available,not_available,not_available,not_available,not_available,not_available,not_available,not_available,not_available,not_available,not_available,"[unsupported_hardware_mapping] the GPU planner wants 18 work items cooperating per transform, which is neither a divisor nor a multiple of target.interleave_chunk_uthreads=8 -- no whole number of the M2NDP address decoder's periodic interleave chunks can ever produce this exact count on one physical NDP unit (proven via direct simulator source trace, see BaselineStatus's own docstring)
original GPU configuration: source=clfft length=216 radices=(6, 6, 6) extra={'workgroup_size': 126, 'num_transforms': 7, 'source': 'determine_sizes', 'max_wgs': 256}",,,,,
216,gpu-rocfft-default,unsupported,not_available,not_available,not_available,not_available,not_available,not_available,not_available,not_available,not_available,not_available,not_available,not_available,not_available,not_available,"[unsupported_hardware_mapping] the GPU planner wants 36 work items cooperating per transform, which is neither a divisor nor a multiple of target.interleave_chunk_uthreads=8 -- no whole number of the M2NDP address decoder's periodic interleave chunks can ever produce this exact count on one physical NDP unit (proven via direct simulator source trace, see BaselineStatus's own docstring)
original GPU configuration: source=rocfft-default length=216 radices=(6, 6, 6) extra={'scheme': 'CS_KERNEL_STOCKHAM', 'workgroup_size': 256, 'threads_per_transform': 36, 'transforms_per_block': 7, 'mechanism': 'compiled-in function_pool default (config_sbrr.py)'}",,,,,
216,gpu-vkfft,unsupported,not_available,not_available,not_available,not_available,not_available,not_available,not_available,not_available,not_available,not_available,not_available,not_available,not_available,not_available,"[unsupported_hardware_mapping] the GPU planner wants 36 work items cooperating per transform, which is neither a divisor nor a multiple of target.interleave_chunk_uthreads=8 -- no whole number of the M2NDP address decoder's periodic interleave chunks can ever produce this exact count on one physical NDP unit (proven via direct simulator source trace, see BaselineStatus's own docstring)
original GPU configuration: source=vkfft length=216 radices=(9, 8, 3) extra={'workers_per_fft': 36, 'transforms_per_block': 1, 'register_boost': 1, 'upload_id': 0}",,,,,
240,m2ndp-native,spill_free_correct,True,False,38600,"[[4, 4, 3, 5]]","FFT(length=240,total_uthreads=1)",1,plain,"{""FFTRecLeaf0"": 38600}",[1],1920,1920,0,0,1.2136245445540759e-08,,1.0,0.0,38600.0,True,False
240,gpu-clfft,spilling,True,True,26770,"[[10, 6, 2, 2]]","FFT(length=240,total_uthreads=8)",1,cooperative,"{""FFTClfft"": 26770}",[8],15360,15360,0,0,3.034801543717067e-08,,1.0,0.0,26770.0,True,True
240,gpu-rocfft-default,spilling,True,True,5035,"[[8, 5, 6]]","FFT(length=240,total_uthreads=256)",1,persistent,"{""FFTRocfftDefault"": 5035}",[256],491520,491520,0,0,2.6562496792119582e-08,,1.0,0.0,5035.0,True,True
240,gpu-vkfft,spilling,True,True,37537,"[[10, 8, 3]]","FFT(length=240,total_uthreads=256)",1,persistent,"{""FFTVkfftLeaf0"": 37537}",[256],491520,491520,0,0,3.323864341345817e-08,,1.0,0.0,37537.0,True,True
256,m2ndp-native,spill_free_correct,True,False,38804,"[[4, 4, 4, 4]]","FFT(length=256,total_uthreads=1)",1,plain,"{""FFTRecLeaf0"": 38804}",[1],2048,2048,0,0,1.0126792072454708e-14,,1.0,0.0,38804.0,True,False
256,gpu-clfft,spill_free_correct,True,False,33705,"[[4, 4, 4, 4]]","FFT(length=256,total_uthreads=256)",1,persistent,"{""FFTClfft"": 33705}",[256],524288,524288,0,0,2.1474457102987905e-08,,1.0,0.0,33705.0,True,False
256,gpu-rocfft-default,spill_free_correct,True,False,33705,"[[4, 4, 4, 4]]","FFT(length=256,total_uthreads=256)",1,persistent,"{""FFTRocfftDefault"": 33705}",[256],524288,524288,0,0,2.1474457102987905e-08,,1.0,0.0,33705.0,True,False
256,gpu-vkfft,spill_free_correct,True,False,23897,"[[8, 8, 4]]","FFT(length=256,total_uthreads=256)",1,persistent,"{""FFTVkfftLeaf0"": 23897}",[256],524288,524288,0,0,2.34687788816498e-08,,1.0,0.0,23897.0,True,False
320,m2ndp-native,spill_free_correct,True,False,29933,"[[4, 4, 2, 5], [2]]","TRANSPOSE(rows=160,cols=2,replicas=1) -> FFT(length=160,total_uthreads=2) -> TRANSPOSE(rows=2,cols=160,replicas=1) -> FFT(length=2,total_uthreads=160) -> TRANSPOSE(rows=160,cols=2,replicas=1)",5,plain,"{""FFTRecPre0"": 1239, ""FFTRecNear0"": 24491, ""FFTRecMid0"": 1764, ""FFTRecLeaf1"": 1200, ""FFTRecPost0"": 1239}","[2, 160]",12800,12800,3,1,1.4286667406367797e-08,,5.0,3.0,29933.0,True,False
320,gpu-clfft,spilling,True,True,43638,"[[10, 4, 4, 2]]","FFT(length=320,total_uthreads=256)",1,persistent,"{""FFTClfft"": 43638}",[256],655360,655360,0,0,3.839808497158914e-08,,1.0,0.0,43638.0,True,True
320,gpu-rocfft-default,spilling,True,True,43638,"[[10, 4, 4, 2]]","FFT(length=320,total_uthreads=256)",1,persistent,"{""FFTRocfftDefault"": 43638}",[256],655360,655360,0,0,3.839808497158914e-08,,1.0,0.0,43638.0,True,True
320,gpu-vkfft,spilling,True,True,46189,"[[10, 8, 4]]","FFT(length=320,total_uthreads=256)",1,persistent,"{""FFTVkfftLeaf0"": 46189}",[256],655360,655360,0,0,4.190046736015713e-08,,1.0,0.0,46189.0,True,True
384,m2ndp-native,spill_free_correct,True,False,36049,"[[4, 4, 4, 3], [2]]","TRANSPOSE(rows=192,cols=2,replicas=1) -> FFT(length=192,total_uthreads=2) -> TRANSPOSE(rows=2,cols=192,replicas=1) -> FFT(length=2,total_uthreads=192) -> TRANSPOSE(rows=192,cols=2,replicas=1)",5,plain,"{""FFTRecPre0"": 1243, ""FFTRecNear0"": 30556, ""FFTRecMid0"": 1799, ""FFTRecLeaf1"": 1208, ""FFTRecPost0"": 1243}","[2, 192]",15360,15360,3,1,8.334588261088131e-09,,5.0,3.0,36049.0,True,False
384,gpu-clfft,spill_free_correct,True,False,42364,"[[6, 4, 4, 4]]","FFT(length=384,total_uthreads=256)",1,persistent,"{""FFTClfft"": 42364}",[256],786432,786432,0,0,2.7905086303563878e-08,,1.0,0.0,42364.0,True,False
384,gpu-rocfft-default,spill_free_correct,True,False,42364,"[[6, 4, 4, 4]]","FFT(length=384,total_uthreads=256)",1,persistent,"{""FFTRocfftDefault"": 42364}",[256],786432,786432,0,0,2.7905086303563878e-08,,1.0,0.0,42364.0,True,False
384,gpu-vkfft,spill_free_correct,True,False,39165,"[[8, 8, 6]]","FFT(length=384,total_uthreads=256)",1,persistent,"{""FFTVkfftLeaf0"": 39165}",[256],786432,786432,0,0,2.6766714223017408e-08,,1.0,0.0,39165.0,True,False
480,m2ndp-native,spill_free_correct,True,False,44583,"[[4, 4, 3, 5], [2]]","TRANSPOSE(rows=240,cols=2,replicas=1) -> FFT(length=240,total_uthreads=2) -> TRANSPOSE(rows=2,cols=240,replicas=1) -> FFT(length=2,total_uthreads=240) -> TRANSPOSE(rows=240,cols=2,replicas=1)",5,plain,"{""FFTRecPre0"": 1251, ""FFTRecNear0"": 39144, ""FFTRecMid0"": 1790, ""FFTRecLeaf1"": 1189, ""FFTRecPost0"": 1209}","[2, 240]",19200,19200,3,1,2.190448785330605e-08,,5.0,3.0,44583.0,True,False
480,gpu-clfft,spilling,True,True,71958,"[[10, 6, 2, 2, 2]]","FFT(length=480,total_uthreads=256)",1,persistent,"{""FFTClfft"": 71958}",[256],983040,983040,0,0,3.441964989487824e-08,,1.0,0.0,71958.0,True,True
480,gpu-rocfft-default,spilling,True,True,57335,"[[10, 8, 6]]","FFT(length=480,total_uthreads=256)",1,persistent,"{""FFTRocfftDefault"": 57335}",[256],983040,983040,0,0,4.593325139086689e-08,,1.0,0.0,57335.0,True,True
480,gpu-vkfft,spilling,True,True,70198,"[[10, 8, 6]]","FFT(length=480,total_uthreads=256)",1,persistent,"{""FFTVkfftLeaf0"": 70198}",[256],983040,983040,0,0,4.593325139086689e-08,,1.0,0.0,70198.0,True,True
512,m2ndp-native,spill_free_correct,True,False,45629,"[[4, 4, 4, 4], [2]]","TRANSPOSE(rows=256,cols=2,replicas=1) -> FFT(length=256,total_uthreads=2) -> TRANSPOSE(rows=2,cols=256,replicas=1) -> FFT(length=2,total_uthreads=256) -> TRANSPOSE(rows=256,cols=2,replicas=1)",5,plain,"{""FFTRecPre0"": 1253, ""FFTRecNear0"": 40254, ""FFTRecMid0"": 1686, ""FFTRecLeaf1"": 1223, ""FFTRecPost0"": 1213}","[2, 256]",20480,20480,3,1,1.6758116906701664e-14,,5.0,3.0,45629.0,True,False
512,gpu-clfft,spill_free_correct,True,False,49518,"[[8, 8, 8]]","FFT(length=512,total_uthreads=256)",1,persistent,"{""FFTClfft"": 49518}",[256],1048576,1048576,0,0,3.2067762752657956e-08,,1.0,0.0,49518.0,True,False
512,gpu-rocfft-default,spill_free_correct,True,False,49518,"[[8, 8, 8]]","FFT(length=512,total_uthreads=256)",1,persistent,"{""FFTRocfftDefault"": 49518}",[256],1048576,1048576,0,0,3.2067762752657956e-08,,1.0,0.0,49518.0,True,False
512,gpu-vkfft,spill_free_correct,True,False,49518,"[[8, 8, 8]]","FFT(length=512,total_uthreads=256)",1,persistent,"{""FFTVkfftLeaf0"": 49518}",[256],1048576,1048576,0,0,3.2067762752657956e-08,,1.0,0.0,49518.0,True,False
768,m2ndp-native,spill_free_correct,True,False,40905,"[[4, 4, 4, 3], [4]]","TRANSPOSE(rows=192,cols=4,replicas=1) -> FFT(length=192,total_uthreads=4) -> TRANSPOSE(rows=4,cols=192,replicas=1) -> FFT(length=4,total_uthreads=192) -> TRANSPOSE(rows=192,cols=4,replicas=1)",5,plain,"{""FFTRecPre0"": 2239, ""FFTRecNear0"": 31833, ""FFTRecMid0"": 3307, ""FFTRecLeaf1"": 1287, ""FFTRecPost0"": 2239}","[4, 192]",30720,30720,3,1,9.28633789759421e-09,,5.0,3.0,40905.0,True,False
768,gpu-clfft,spill_free_correct,True,False,111321,"[[6, 4, 4, 4, 2]]","FFT(length=768,total_uthreads=256)",1,persistent,"{""FFTClfft"": 111321}",[256],1572864,1572864,0,0,4.3011761886928955e-08,,1.0,0.0,111321.0,True,False
768,gpu-rocfft-default,spilling,True,True,14584,"[[16, 3, 16]]","FFT(length=768,total_uthreads=256)",1,persistent,"{""FFTRocfftDefault"": 14584}",[256],1572864,1572864,0,0,5.15460611585649e-08,,1.0,0.0,14584.0,True,True
768,gpu-vkfft,spill_free_correct,True,False,112013,"[[8, 8, 6, 2]]","FFT(length=768,total_uthreads=256)",1,persistent,"{""FFTVkfftLeaf0"": 112013}",[256],1572864,1572864,0,0,4.3095484162876215e-08,,1.0,0.0,112013.0,True,False
960,m2ndp-native,spill_free_correct,True,False,49238,"[[4, 4, 3, 5], [4]]","TRANSPOSE(rows=240,cols=4,replicas=1) -> FFT(length=240,total_uthreads=4) -> TRANSPOSE(rows=4,cols=240,replicas=1) -> FFT(length=4,total_uthreads=240) -> TRANSPOSE(rows=240,cols=4,replicas=1)",5,plain,"{""FFTRecPre0"": 2241, ""FFTRecNear0"": 40378, ""FFTRecMid0"": 3086, ""FFTRecLeaf1"": 1290, ""FFTRecPost0"": 2243}","[4, 240]",38400,38400,3,1,2.5793779073847613e-08,,5.0,3.0,49238.0,True,False
960,gpu-clfft,spilling,True,True,163657,"[[10, 6, 2, 2, 2, 2]]","FFT(length=960,total_uthreads=256)",1,persistent,"{""FFTClfft"": 163657}",[256],1966080,1966080,0,0,6.677338614214971e-08,,1.0,0.0,163657.0,True,True
960,gpu-rocfft-default,spilling,True,True,18515,"[[16, 10, 6]]","FFT(length=960,total_uthreads=256)",1,persistent,"{""FFTRocfftDefault"": 18515}",[256],1966080,1966080,0,0,6.892678524037294e-08,,1.0,0.0,18515.0,True,True
960,gpu-vkfft,spilling,True,True,185179,"[[10, 8, 6, 2]]","FFT(length=960,total_uthreads=256)",1,persistent,"{""FFTVkfftLeaf0"": 185179}",[256],1966080,1966080,0,0,6.222569244871697e-08,,1.0,0.0,185179.0,True,True
1024,m2ndp-native,spill_free_correct,True,False,49097,"[[4, 4, 4, 4], [4]]","TRANSPOSE(rows=256,cols=4,replicas=1) -> FFT(length=256,total_uthreads=4) -> TRANSPOSE(rows=4,cols=256,replicas=1) -> FFT(length=4,total_uthreads=256) -> TRANSPOSE(rows=256,cols=4,replicas=1)",5,plain,"{""FFTRecPre0"": 2246, ""FFTRecNear0"": 40264, ""FFTRecMid0"": 3038, ""FFTRecLeaf1"": 1303, ""FFTRecPost0"": 2246}","[4, 256]",40960,40960,3,1,2.864289338439558e-14,,5.0,3.0,49097.0,True,False
1024,gpu-clfft,spill_free_correct,True,False,137474,"[[8, 8, 4, 4]]","FFT(length=1024,total_uthreads=256)",1,persistent,"{""FFTClfft"": 137474}",[256],2097152,2097152,0,0,5.12445561204854e-08,,1.0,0.0,137474.0,True,False
1024,gpu-rocfft-default,spill_free_correct,True,False,137474,"[[8, 8, 4, 4]]","FFT(length=1024,total_uthreads=256)",1,persistent,"{""FFTRocfftDefault"": 137474}",[256],2097152,2097152,0,0,5.12445561204854e-08,,1.0,0.0,137474.0,True,False
1024,gpu-vkfft,spill_free_correct,True,False,141395,"[[8, 8, 8, 2]]","FFT(length=1024,total_uthreads=256)",1,persistent,"{""FFTVkfftLeaf0"": 141395}",[256],2097152,2097152,0,0,5.1244561466855e-08,,1.0,0.0,141395.0,True,False
1536,m2ndp-native,spill_free_correct,True,False,55983,"[[4, 4, 4, 3], [4, 2]]","TRANSPOSE(rows=192,cols=8,replicas=1) -> FFT(length=192,total_uthreads=8) -> TRANSPOSE(rows=8,cols=192,replicas=1) -> FFT(length=8,total_uthreads=192) -> TRANSPOSE(rows=192,cols=8,replicas=1)",5,plain,"{""FFTRecPre0"": 7195, ""FFTRecNear0"": 31845, ""FFTRecMid0"": 7243, ""FFTRecLeaf1"": 2510, ""FFTRecPost0"": 7190}","[8, 192]",61440,61440,3,1,1.4667274396118552e-08,,5.0,3.0,55983.0,True,False
1536,gpu-clfft,spill_free_correct,True,False,244467,"[[6, 4, 4, 4, 4]]","FFT(length=1536,total_uthreads=256)",1,persistent,"{""FFTClfft"": 244467}",[256],3145728,3145728,0,0,7.655282617773234e-08,,1.0,0.0,244467.0,True,False
1536,gpu-rocfft-default,spilling,True,True,28742,"[[16, 16, 6]]","FFT(length=1536,total_uthreads=256)",1,persistent,"{""FFTRocfftDefault"": 28742}",[256],3145728,3145728,0,0,6.78046491118075e-08,,1.0,0.0,28742.0,True,True
1536,gpu-vkfft,spill_free_correct,True,False,241390,"[[8, 8, 8, 3]]","FFT(length=1536,total_uthreads=256)",1,persistent,"{""FFTVkfftLeaf0"": 241390}",[256],3145728,3145728,0,0,5.9533588332755434e-08,,1.0,0.0,241390.0,True,False
2048,m2ndp-native,spill_free_correct,True,False,64646,"[[4, 4, 4, 4], [4, 2]]","TRANSPOSE(rows=256,cols=8,replicas=1) -> FFT(length=256,total_uthreads=8) -> TRANSPOSE(rows=8,cols=256,replicas=1) -> FFT(length=8,total_uthreads=256) -> TRANSPOSE(rows=256,cols=8,replicas=1)",5,plain,"{""FFTRecPre0"": 7195, ""FFTRecNear0"": 40264, ""FFTRecMid0"": 7455, ""FFTRecLeaf1"": 2539, ""FFTRecPost0"": 7193}","[8, 256]",81920,81920,3,1,1.7272237882760483e-08,,5.0,3.0,64646.0,True,False
2048,gpu-clfft,spill_free_correct,True,False,305382,"[[8, 8, 8, 4]]","FFT(length=2048,total_uthreads=256)",1,persistent,"{""FFTClfft"": 305382}",[256],4194304,4194304,0,0,7.015116404774442e-08,,1.0,0.0,305382.0,True,False
2048,gpu-rocfft-default,spilling,True,True,37764,"[[16, 16, 8]]","FFT(length=2048,total_uthreads=256)",1,persistent,"{""FFTRocfftDefault"": 37764}",[256],4194304,4194304,0,0,7.894502715010403e-08,,1.0,0.0,37764.0,True,True
2048,gpu-vkfft,spill_free_correct,True,False,305382,"[[8, 8, 8, 4]]","FFT(length=2048,total_uthreads=256)",1,persistent,"{""FFTVkfftLeaf0"": 305382}",[256],4194304,4194304,0,0,7.015116404774442e-08,,1.0,0.0,305382.0,True,False
3072,m2ndp-native,spill_free_correct,True,False,56328,"[[4, 4, 4, 3], [4, 4]]","TRANSPOSE(rows=192,cols=16,replicas=1) -> FFT(length=192,total_uthreads=16) -> TRANSPOSE(rows=16,cols=192,replicas=1) -> FFT(length=16,total_uthreads=192) -> TRANSPOSE(rows=192,cols=16,replicas=1)",5,plain,"{""FFTRecPre0"": 7019, ""FFTRecNear0"": 32030, ""FFTRecMid0"": 7261, ""FFTRecLeaf1"": 2997, ""FFTRecPost0"": 7021}","[16, 192]",122880,122880,3,1,6.293489595930101e-08,,5.0,3.0,56328.0,True,False
3072,gpu-clfft,compile_failure,True,not_available,not_available,"[[6, 4, 4, 4, 4, 2]]","FFT(length=3072,total_uthreads=256)",1,persistent,not_available,[256],6291456,6291456,0,0,1.0624843247551162e-07,"build failed: :  # batch 80 scope\n               ^\n/tmp/fft_spill_probe_ocfsrhdc/stage/gen.mojo:102053:16: warning: 'if' condition always evaluates to 'True'; 'else' branch is unreachable\n            if True:  # batch 80 scope\n               ^\n/tmp/fft_spill_probe_ocfsrhdc/stage/gen.mojo:102110:16: warning: 'if' condition always evaluates to 'True'; 'else' branch is unreachable\n            if True:  # batch 81 scope\n               ^\n/tmp/fft_spill_probe_ocfsrhdc/stage/gen.mojo:102166:16: warning: 'if' condition always evaluates to 'True'; 'else' branch is unreachable\n            if True:  # batch 81 scope\n               ^\n/tmp/fft_spill_probe_ocfsrhdc/stage/gen.mojo:102222:16: warning: 'if' condition always evaluates to 'True'; 'else' branch is unreachable\n            if True:  # batch 81 scope\n               ^\n/tmp/fft_spill_probe_ocfsrhdc/stage/gen.mojo:102278:16: warning: 'if' condition always evaluates to 'True'; 'else' branch is unreachable\n            if True:  # batch 81 scope\n               ^\n/tmp/fft_spill_probe_ocfsrhdc/stage/gen.mojo:102335:16: warning: 'if' condition always evaluates to 'True'; 'else' branch is unreachable\n            if True:  # batch 82 scope\n               ^\n/tmp/fft_spill_probe_ocfsrhdc/stage/gen.mojo:102391:16: warning: 'if' condition always evaluates to 'True'; 'else' branch is unreachable\n            if True:  # batch 82 scope\n               ^\n/tmp/fft_spill_probe_ocfsrhdc/stage/gen.mojo:102447:16: warning: 'if' condition always evaluates to 'True'; 'else' branch is unreachable\n            if True:  # batch 82 scope\n               ^\n/tmp/fft_spill_probe_ocfsrhdc/stage/gen.mojo:102503:16: warning: 'if' condition always evaluates to 'True'; 'else' branch is unreachable\n            if True:  # batch 82 scope\n               ^\n/tmp/fft_spill_probe_ocfsrhdc/stage/gen.mojo:102560:16: warning: 'if' condition always evaluates to 'True'; 'else' branch is unreachable\n            if True:  # batch 83 scope\n               ^\n""",1.0,0.0,,True,
3072,gpu-rocfft-default,compile_failure,True,not_available,not_available,"[[6, 4, 4, 4, 4, 2]]","FFT(length=3072,total_uthreads=256)",1,persistent,not_available,[256],6291456,6291456,0,0,1.0624843247551162e-07,"build failed:   if True:  # batch 95 scope\n               ^\n/tmp/fft_spill_probe_gam0r6zx/stage/gen.mojo:105428:16: warning: 'if' condition always evaluates to 'True'; 'else' branch is unreachable\n            if True:  # batch 95 scope\n               ^\n/tmp/fft_spill_probe_gam0r6zx/stage/gen.mojo:105511:16: warning: 'if' condition always evaluates to 'True'; 'else' branch is unreachable\n            if True:  # batch 0 scope\n               ^\n/tmp/fft_spill_probe_gam0r6zx/stage/gen.mojo:105530:16: warning: 'if' condition always evaluates to 'True'; 'else' branch is unreachable\n            if True:  # batch 0 scope\n               ^\n/tmp/fft_spill_probe_gam0r6zx/stage/gen.mojo:105550:16: warning: 'if' condition always evaluates to 'True'; 'else' branch is unreachable\n            if True:  # batch 1 scope\n               ^\n/tmp/fft_spill_probe_gam0r6zx/stage/gen.mojo:105569:16: warning: 'if' condition always evaluates to 'True'; 'else' branch is unreachable\n            if True:  # batch 1 scope\n               ^\n/tmp/fft_spill_probe_gam0r6zx/stage/gen.mojo:105589:16: warning: 'if' condition always evaluates to 'True'; 'else' branch is unreachable\n            if True:  # batch 2 scope\n               ^\n/tmp/fft_spill_probe_gam0r6zx/stage/gen.mojo:105608:16: warning: 'if' condition always evaluates to 'True'; 'else' branch is unreachable\n            if True:  # batch 2 scope\n               ^\n/tmp/fft_spill_probe_gam0r6zx/stage/gen.mojo:105628:16: warning: 'if' condition always evaluates to 'True'; 'else' branch is unreachable\n            if True:  # batch 3 scope\n               ^\n/tmp/fft_spill_probe_gam0r6zx/stage/gen.mojo:105647:16: warning: 'if' condition always evaluates to 'True'; 'else' branch is unreachable\n            if True:  # batch 3 scope\n               ^\n/tmp/fft_spill_probe_gam0r6zx/stage/gen.mojo:105667:16: warning: 'if' condition always evaluates to 'True'; 'else' branch is unreachable\n            if True:  # batch 4 scope\n               ^\n""",1.0,0.0,,True,
3072,gpu-vkfft,compile_failure,True,not_available,not_available,"[[8, 8, 8, 6]]","FFT(length=3072,total_uthreads=256)",1,persistent,not_available,[256],6291456,6291456,0,0,8.496132532256853e-08,"build failed:           if True:  # batch 62 scope\n               ^\n/tmp/fft_spill_probe_8zl_riv3/stage/gen.mojo:89227:16: warning: 'if' condition always evaluates to 'True'; 'else' branch is unreachable\n            if True:  # batch 62 scope\n               ^\n/tmp/fft_spill_probe_8zl_riv3/stage/gen.mojo:89315:16: warning: 'if' condition always evaluates to 'True'; 'else' branch is unreachable\n            if True:  # batch 63 scope\n               ^\n/tmp/fft_spill_probe_8zl_riv3/stage/gen.mojo:89402:16: warning: 'if' condition always evaluates to 'True'; 'else' branch is unreachable\n            if True:  # batch 63 scope\n               ^\nIncluded from /tmp/fft_spill_probe_8zl_riv3/stage/gen.mojo:6:\n/tmp/fft_spill_probe_8zl_riv3/stage/m2ndp_host.mojo:43:49: warning: Using String.__len__() is discouraged, prefer .byte_length() or .count_codepoints()\n        var overload = String(ir[byte = start + len(MARK) : open])\n                                                ^~~\n<unknown>:0: note: 'len' declared here\nIncluded from /tmp/fft_spill_probe_8zl_riv3/stage/gen.mojo:6:\n/tmp/fft_spill_probe_8zl_riv3/stage/m2ndp_host.mojo:46:44: warning: Using String.__len__() is discouraged, prefer .byte_length() or .count_codepoints()\n        for i in range(dot if dot > 0 else len(overload)):\n                                           ^~~\n<unknown>:0: note: 'len' declared here\n/tmp/fft_spill_probe_8zl_riv3/stage/gen.mojo:61:13: warning: ref 'p' was never used, remove it?\n        ref p = FFTVkfftLeaf0.params[]\n            ^\n/tmp/fft_spill_probe_8zl_riv3/stage/gen.mojo:19815:13: warning: ref 'p' was never used, remove it?\n        ref p = FFTVkfftLeaf0.params[]\n            ^\n/tmp/fft_spill_probe_8zl_riv3/stage/gen.mojo:49813:13: warning: ref 'p' was never used, remove it?\n        ref p = FFTVkfftLeaf0.params[]\n            ^\n/tmp/fft_spill_probe_8zl_riv3/stage/gen.mojo:78271:13: warning: ref 'p' was never used, remove it?\n        ref p = FFTVkfftLeaf0.params[]\n            ^\n""",1.0,0.0,,True,
4096,m2ndp-native,spill_free_correct,True,False,64346,"[[4, 4, 4, 4], [4, 4]]","TRANSPOSE(rows=256,cols=16,replicas=1) -> FFT(length=256,total_uthreads=16) -> TRANSPOSE(rows=16,cols=256,replicas=1) -> FFT(length=16,total_uthreads=256) -> TRANSPOSE(rows=256,cols=16,replicas=1)",5,plain,"{""FFTRecPre0"": 7024, ""FFTRecNear0"": 40286, ""FFTRecMid0"": 6979, ""FFTRecLeaf1"": 3027, ""FFTRecPost0"": 7030}","[16, 256]",163840,163840,3,1,6.426706768347718e-08,,5.0,3.0,64346.0,True,False
4096,gpu-clfft,compile_failure,True,not_available,not_available,"[[8, 8, 8, 8]]","FFT(length=4096,total_uthreads=256)",1,persistent,not_available,[256],8388608,8388608,0,0,1.2632476090275249e-07,"build failed:     if True:  # batch 4 scope\n               ^\n/tmp/fft_spill_probe_oy32wbxe/stage/gen.mojo:106509:16: warning: 'if' condition always evaluates to 'True'; 'else' branch is unreachable\n            if True:  # batch 5 scope\n               ^\n/tmp/fft_spill_probe_oy32wbxe/stage/gen.mojo:106624:16: warning: 'if' condition always evaluates to 'True'; 'else' branch is unreachable\n            if True:  # batch 5 scope\n               ^\n/tmp/fft_spill_probe_oy32wbxe/stage/gen.mojo:106740:16: warning: 'if' condition always evaluates to 'True'; 'else' branch is unreachable\n            if True:  # batch 6 scope\n               ^\n/tmp/fft_spill_probe_oy32wbxe/stage/gen.mojo:106855:16: warning: 'if' condition always evaluates to 'True'; 'else' branch is unreachable\n            if True:  # batch 6 scope\n               ^\n/tmp/fft_spill_probe_oy32wbxe/stage/gen.mojo:106971:16: warning: 'if' condition always evaluates to 'True'; 'else' branch is unreachable\n            if True:  # batch 7 scope\n               ^\n/tmp/fft_spill_probe_oy32wbxe/stage/gen.mojo:107086:16: warning: 'if' condition always evaluates to 'True'; 'else' branch is unreachable\n            if True:  # batch 7 scope\n               ^\n/tmp/fft_spill_probe_oy32wbxe/stage/gen.mojo:107202:16: warning: 'if' condition always evaluates to 'True'; 'else' branch is unreachable\n            if True:  # batch 8 scope\n               ^\n/tmp/fft_spill_probe_oy32wbxe/stage/gen.mojo:107317:16: warning: 'if' condition always evaluates to 'True'; 'else' branch is unreachable\n            if True:  # batch 8 scope\n               ^\n/tmp/fft_spill_probe_oy32wbxe/stage/gen.mojo:107433:16: warning: 'if' condition always evaluates to 'True'; 'else' branch is unreachable\n            if True:  # batch 9 scope\n               ^\n/tmp/fft_spill_probe_oy32wbxe/stage/gen.mojo:107548:16: warning: 'if' condition always evaluates to 'True'; 'else' branch is unreachable\n            if True:  # batch 9 scope\n               ^\n""",1.0,0.0,,True,
4096,gpu-rocfft-default,compile_failure,True,not_available,not_available,"[[16, 16, 16]]","FFT(length=4096,total_uthreads=256)",1,persistent,not_available,[256],8388608,8388608,0,0,1.4139584361108333e-07,"build failed:     ^\n/tmp/fft_spill_probe_crd347_0/stage/gen.mojo:89182:16: warning: 'if' condition always evaluates to 'True'; 'else' branch is unreachable\n            if True:  # batch 30 scope\n               ^\n/tmp/fft_spill_probe_crd347_0/stage/gen.mojo:89445:16: warning: 'if' condition always evaluates to 'True'; 'else' branch is unreachable\n            if True:  # batch 30 scope\n               ^\n/tmp/fft_spill_probe_crd347_0/stage/gen.mojo:89709:16: warning: 'if' condition always evaluates to 'True'; 'else' branch is unreachable\n            if True:  # batch 31 scope\n               ^\n/tmp/fft_spill_probe_crd347_0/stage/gen.mojo:89972:16: warning: 'if' condition always evaluates to 'True'; 'else' branch is unreachable\n            if True:  # batch 31 scope\n               ^\nIncluded from /tmp/fft_spill_probe_crd347_0/stage/gen.mojo:6:\n/tmp/fft_spill_probe_crd347_0/stage/m2ndp_host.mojo:43:49: warning: Using String.__len__() is discouraged, prefer .byte_length() or .count_codepoints()\n        var overload = String(ir[byte = start + len(MARK) : open])\n                                                ^~~\n<unknown>:0: note: 'len' declared here\nIncluded from /tmp/fft_spill_probe_crd347_0/stage/gen.mojo:6:\n/tmp/fft_spill_probe_crd347_0/stage/m2ndp_host.mojo:46:44: warning: Using String.__len__() is discouraged, prefer .byte_length() or .count_codepoints()\n        for i in range(dot if dot > 0 else len(overload)):\n                                           ^~~\n<unknown>:0: note: 'len' declared here\n/tmp/fft_spill_probe_crd347_0/stage/gen.mojo:61:13: warning: ref 'p' was never used, remove it?\n        ref p = FFTRocfftDefault.params[]\n            ^\n/tmp/fft_spill_probe_crd347_0/stage/gen.mojo:28855:13: warning: ref 'p' was never used, remove it?\n        ref p = FFTRocfftDefault.params[]\n            ^\n/tmp/fft_spill_probe_crd347_0/stage/gen.mojo:73353:13: warning: ref 'p' was never used, remove it?\n        ref p = FFTRocfftDefault.params[]\n            ^\n""",1.0,0.0,,True,
4096,gpu-vkfft,compile_failure,True,not_available,not_available,"[[8, 8, 8, 8]]","FFT(length=4096,total_uthreads=256)",1,persistent,not_available,[256],8388608,8388608,0,0,1.2632476090275249e-07,"build failed:  branch is unreachable\n            if True:  # batch 60 scope\n               ^\n/tmp/fft_spill_probe_vpqh685p/stage/gen.mojo:119445:16: warning: 'if' condition always evaluates to 'True'; 'else' branch is unreachable\n            if True:  # batch 61 scope\n               ^\n/tmp/fft_spill_probe_vpqh685p/stage/gen.mojo:119560:16: warning: 'if' condition always evaluates to 'True'; 'else' branch is unreachable\n            if True:  # batch 61 scope\n               ^\n/tmp/fft_spill_probe_vpqh685p/stage/gen.mojo:119676:16: warning: 'if' condition always evaluates to 'True'; 'else' branch is unreachable\n            if True:  # batch 62 scope\n               ^\n/tmp/fft_spill_probe_vpqh685p/stage/gen.mojo:119791:16: warning: 'if' condition always evaluates to 'True'; 'else' branch is unreachable\n            if True:  # batch 62 scope\n               ^\n/tmp/fft_spill_probe_vpqh685p/stage/gen.mojo:119907:16: warning: 'if' condition always evaluates to 'True'; 'else' branch is unreachable\n            if True:  # batch 63 scope\n               ^\n/tmp/fft_spill_probe_vpqh685p/stage/gen.mojo:120022:16: warning: 'if' condition always evaluates to 'True'; 'else' branch is unreachable\n            if True:  # batch 63 scope\n               ^\nIncluded from /tmp/fft_spill_probe_vpqh685p/stage/gen.mojo:6:\n/tmp/fft_spill_probe_vpqh685p/stage/m2ndp_host.mojo:43:49: warning: Using String.__len__() is discouraged, prefer .byte_length() or .count_codepoints()\n        var overload = String(ir[byte = start + len(MARK) : open])\n                                                ^~~\n<unknown>:0: note: 'len' declared here\nIncluded from /tmp/fft_spill_probe_vpqh685p/stage/gen.mojo:6:\n/tmp/fft_spill_probe_vpqh685p/stage/m2ndp_host.mojo:46:44: warning: Using String.__len__() is discouraged, prefer .byte_length() or .count_codepoints()\n        for i in range(dot if dot > 0 else len(overload)):\n                                           ^~~\n<unknown>:0: note: 'len' declared here\n""",1.0,0.0,,True,
