n,gpu-clfft,gpu-rocfft-default,gpu-vkfft,m2ndp-native
12,3028.0,,3472.0,3011.0
16,2570.0,2570.0,2570.0,2902.0
20,,,,3927.0
24,4389.0,,,5533.0
32,,6359.0,,6401.0
40,,,,9366.0
48,6811.0,9788.0,,10188.0
64,9089.0,9089.0,,
96,7886.0,,,16233.0
120,,,,22118.0
128,14433.0,,15992.0,22587.0
192,20795.0,20795.0,20283.0,30463.0
216,,,,43735.0
240,,,,38600.0
256,33705.0,33705.0,23897.0,38804.0
320,,,,29933.0
384,42364.0,42364.0,39165.0,36049.0
480,,,,44583.0
512,49518.0,49518.0,49518.0,45629.0
768,111321.0,,112013.0,40905.0
960,,,,49238.0
1024,137474.0,137474.0,141395.0,49097.0
1536,244467.0,,241390.0,55983.0
2048,305382.0,,305382.0,64646.0
3072,,,,56328.0
4096,,,,64346.0
