n,gpu-clfft,gpu-rocfft-default,gpu-vkfft
12,1.005645964795749,,1.1531052806376618
16,0.8855961405926946,0.8855961405926946,0.8855961405926946
20,,,
24,0.7932405566600398,,
32,,0.9934385252304327,
40,,,
48,0.6685316058107578,0.9607381232822929,
64,,,
96,0.4858005297850059,,
120,,,
128,0.638995882587329,,0.7080178863948289
192,0.6826313888980075,0.6826313888980075,0.6658241144995568
216,,,
240,,,
256,0.8685960210287599,0.8685960210287599,0.6158385733429543
320,,,
384,1.17517822963189,1.17517822963189,1.0864379039640488
480,,,
512,1.0852308838677156,1.0852308838677156,1.0852308838677156
768,2.7214521452145215,,2.738369392494805
960,,,
1024,2.800048882823798,2.800048882823798,2.879911196203434
1536,4.366807780933498,,4.311844667131093
2048,4.723911765615815,,4.723911765615815
3072,,,
4096,,,
