n,planner,status,correct,spill,measured_total_cycles,radix_sequence,kernel_partition,num_kernels,execution_strategy,kernel_cycles,scratchpad_uthreads,dram_read_bytes,dram_write_bytes,transpose_count,large_twiddle_count,numeric_max_error,diagnostics
12,m2ndp-native,spill_free_correct,True,False,3011,"[[4, 3]]","FFT(length=12,total_uthreads=1)",1,plain,"{""FFTRecLeaf0"": 3011}",[1],96,96,0,0,1.283168272521372e-09,
12,gpu-clfft,spill_free_correct,True,False,3028,"[[6, 2]]","FFT(length=12,total_uthreads=1)",1,cooperative,"{""FFTClfft"": 3028}",[1],96,96,0,0,1.2950901777647852e-09,
12,gpu-rocfft-default,spill_free_correct,True,False,3965,"[[6, 2]]","FFT(length=12,total_uthreads=256)",1,persistent,"{""FFTRocfftDefault"": 3965}",[256],24576,24576,0,0,1.2950901777647852e-09,
12,gpu-vkfft,spill_free_correct,True,False,3472,"[[6, 2]]","FFT(length=12,total_uthreads=2)",1,cooperative,"{""FFTVkfftLeaf0"": 3472}",[2],192,192,0,0,1.2950901777647852e-09,
16,m2ndp-native,spill_free_correct,True,False,2902,"[[4, 4]]","FFT(length=16,total_uthreads=1)",1,plain,"{""FFTRecLeaf0"": 2902}",[1],128,128,0,0,2.3148985875762223e-09,
16,gpu-clfft,spill_free_correct,True,False,2570,"[[4, 4]]","FFT(length=16,total_uthreads=4)",1,cooperative,"{""FFTClfft"": 2570}",[4],512,512,0,0,2.3148985875762223e-09,
16,gpu-rocfft-default,spill_free_correct,True,False,2570,"[[4, 4]]","FFT(length=16,total_uthreads=4)",1,cooperative,"{""FFTRocfftDefault"": 2570}",[4],512,512,0,0,2.3148985875762223e-09,
16,gpu-vkfft,spill_free_correct,True,False,2570,"[[4, 4]]","FFT(length=16,total_uthreads=4)",1,cooperative,"{""FFTVkfftLeaf0"": 2570}",[4],512,512,0,0,2.3148985875762223e-09,
20,m2ndp-native,spill_free_correct,True,False,3927,"[[4, 5]]","FFT(length=20,total_uthreads=1)",1,plain,"{""FFTRecLeaf0"": 3927}",[1],160,160,0,0,4.617453576260046e-09,
20,gpu-clfft,spilling,True,True,4217,"[[10, 2]]","FFT(length=20,total_uthreads=1)",1,cooperative,"{""FFTClfft"": 4217}",[1],160,160,0,0,5.019517570782985e-09,
20,gpu-rocfft-default,spill_free_correct,True,False,5366,"[[5, 4]]","FFT(length=20,total_uthreads=256)",1,persistent,"{""FFTRocfftDefault"": 5366}",[256],40960,40960,0,0,4.4794788268715755e-09,
20,gpu-vkfft,spilling,True,True,5876,"[[10, 2]]","FFT(length=20,total_uthreads=256)",1,persistent,"{""FFTVkfftLeaf0"": 5876}",[256],40960,40960,0,0,5.019517570782985e-09,
24,m2ndp-native,spill_free_correct,True,False,5533,"[[4, 2, 3]]","FFT(length=24,total_uthreads=1)",1,plain,"{""FFTRecLeaf0"": 5533}",[1],192,192,0,0,3.2667628595999063e-09,
24,gpu-clfft,spill_free_correct,True,False,4389,"[[6, 4]]","FFT(length=24,total_uthreads=2)",1,cooperative,"{""FFTClfft"": 4389}",[2],384,384,0,0,3.068064271903203e-09,
24,gpu-rocfft-default,spilling,True,True,not_available,"[[8, 3]]","FFT(length=24,total_uthreads=8)",1,cooperative,{},[8],1536,1536,0,0,2.4618885337857144e-09,
24,gpu-vkfft,spilling,True,True,not_available,"[[8, 3]]","FFT(length=24,total_uthreads=4)",1,cooperative,{},[4],768,768,0,0,2.4618885337857144e-09,
32,m2ndp-native,spill_free_correct,True,False,6401,"[[4, 4, 2]]","FFT(length=32,total_uthreads=1)",1,plain,"{""FFTRecLeaf0"": 6401}",[1],256,256,0,0,4.680528761383531e-09,
32,gpu-clfft,spilling,True,True,not_available,"[[8, 4]]","FFT(length=32,total_uthreads=4)",1,cooperative,{},[4],1024,1024,0,0,3.5888162705648876e-09,
32,gpu-rocfft-default,spill_free_correct,True,False,6359,"[[8, 4]]","FFT(length=32,total_uthreads=256)",1,persistent,"{""FFTRocfftDefault"": 6359}",[256],65536,65536,0,0,3.5888162705648876e-09,
32,gpu-vkfft,spilling,True,True,not_available,"[[8, 4]]","FFT(length=32,total_uthreads=4)",1,cooperative,{},[4],1024,1024,0,0,3.5888162705648876e-09,
40,m2ndp-native,spill_free_correct,True,False,9366,"[[4, 2, 5]]","FFT(length=40,total_uthreads=1)",1,plain,"{""FFTRecLeaf0"": 9366}",[1],320,320,0,0,1.0584431936850947e-08,
40,gpu-clfft,spilling,True,True,8605,"[[10, 4]]","FFT(length=40,total_uthreads=2)",1,cooperative,"{""FFTClfft"": 8605}",[2],640,640,0,0,1.0253848202303928e-08,
40,gpu-rocfft-default,spilling,True,True,13374,"[[10, 4]]","FFT(length=40,total_uthreads=256)",1,persistent,"{""FFTRocfftDefault"": 13374}",[256],81920,81920,0,0,1.0253848202303928e-08,
40,gpu-vkfft,spilling,True,True,13374,"[[10, 4]]","FFT(length=40,total_uthreads=256)",1,persistent,"{""FFTVkfftLeaf0"": 13374}",[256],81920,81920,0,0,1.0253848202303928e-08,
48,m2ndp-native,spill_free_correct,True,False,10188,"[[4, 4, 3]]","FFT(length=48,total_uthreads=1)",1,plain,"{""FFTRecLeaf0"": 10188}",[1],384,384,0,0,6.712903643441863e-09,
48,gpu-clfft,spill_free_correct,True,False,6811,"[[6, 4, 2]]","FFT(length=48,total_uthreads=4)",1,cooperative,"{""FFTClfft"": 6811}",[4],1536,1536,0,0,4.7672013413069905e-09,
48,gpu-rocfft-default,spill_free_correct,True,False,9788,"[[4, 3, 4]]","FFT(length=48,total_uthreads=256)",1,persistent,"{""FFTRocfftDefault"": 9788}",[256],98304,98304,0,0,7.174344094952199e-09,
48,gpu-vkfft,spilling,True,True,not_available,"[[8, 6]]","FFT(length=48,total_uthreads=8)",1,cooperative,{},[8],3072,3072,0,0,4.350408043185138e-09,
64,m2ndp-native,spilling,True,True,13126,"[[4, 4, 4]]","FFT(length=64,total_uthreads=1)",1,plain,"{""FFTRecLeaf0"": 13126}",[1],512,512,0,0,6.8842568609394675e-09,
64,gpu-clfft,spill_free_correct,True,False,9089,"[[4, 4, 4]]","FFT(length=64,total_uthreads=256)",1,persistent,"{""FFTClfft"": 9089}",[256],131072,131072,0,0,6.8842568609394675e-09,
64,gpu-rocfft-default,spill_free_correct,True,False,9089,"[[4, 4, 4]]","FFT(length=64,total_uthreads=256)",1,persistent,"{""FFTRocfftDefault"": 9089}",[256],131072,131072,0,0,6.8842568609394675e-09,
64,gpu-vkfft,spilling,True,True,not_available,"[[8, 8]]","FFT(length=64,total_uthreads=8)",1,cooperative,{},[8],4096,4096,0,0,6.669607935794647e-09,
80,m2ndp-native,spilling,True,True,17407,"[[4, 4, 5]]","FFT(length=80,total_uthreads=1)",1,plain,"{""FFTRecLeaf0"": 17407}",[1],640,640,0,0,1.572336814119914e-08,
80,gpu-clfft,spilling,True,True,16988,"[[10, 4, 2]]","FFT(length=80,total_uthreads=4)",1,cooperative,"{""FFTClfft"": 16988}",[4],2560,2560,0,0,1.5253400840342472e-08,
80,gpu-rocfft-default,spill_free_correct,True,False,12462,"[[5, 2, 8]]","FFT(length=80,total_uthreads=256)",1,persistent,"{""FFTRocfftDefault"": 12462}",[256],163840,163840,0,0,1.2277468624573574e-08,
80,gpu-vkfft,spilling,True,True,27191,"[[10, 8]]","FFT(length=80,total_uthreads=256)",1,persistent,"{""FFTVkfftLeaf0"": 27191}",[256],163840,163840,0,0,1.5253400840342472e-08,
96,m2ndp-native,spill_free_correct,True,False,16233,"[[4, 4, 2, 3]]","FFT(length=96,total_uthreads=1)",1,plain,"{""FFTRecLeaf0"": 16233}",[1],768,768,0,0,3.643793031579194e-09,
96,gpu-clfft,spill_free_correct,True,False,7886,"[[6, 4, 4]]","FFT(length=96,total_uthreads=8)",1,cooperative,"{""FFTClfft"": 7886}",[8],6144,6144,0,0,1.2375695328762173e-08,
96,gpu-rocfft-default,spilling,True,True,7241,"[[6, 16]]","FFT(length=96,total_uthreads=256)",1,persistent,"{""FFTRocfftDefault"": 7241}",[256],196608,196608,0,0,1.2375695328762173e-08,
96,gpu-vkfft,spilling,True,True,2579,"[[8, 6, 2]]","FFT(length=96,total_uthreads=256)",1,persistent,"{""FFTVkfftLeaf0"": 2579}",[256],196608,196608,0,0,7.4233155691508105e-09,
120,m2ndp-native,spill_free_correct,True,False,22118,"[[4, 2, 3, 5]]","FFT(length=120,total_uthreads=1)",1,plain,"{""FFTRecLeaf0"": 22118}",[1],960,960,0,0,1.3014117239338704e-08,
120,gpu-clfft,spilling,True,True,19038,"[[10, 6, 2]]","FFT(length=120,total_uthreads=4)",1,cooperative,"{""FFTClfft"": 19038}",[4],3840,3840,0,0,1.9034002999704436e-08,
120,gpu-rocfft-default,spilling,True,True,36804,"[[6, 10, 2]]","FFT(length=120,total_uthreads=256)",1,persistent,"{""FFTRocfftDefault"": 36804}",[256],245760,245760,0,0,1.7474743304776252e-08,
120,gpu-vkfft,spilling,True,True,41868,"[[10, 6, 2]]","FFT(length=120,total_uthreads=256)",1,persistent,"{""FFTVkfftLeaf0"": 41868}",[256],245760,245760,0,0,1.9034002999704436e-08,
128,m2ndp-native,spill_free_correct,True,False,22587,"[[4, 4, 4, 2]]","FFT(length=128,total_uthreads=1)",1,plain,"{""FFTRecLeaf0"": 22587}",[1],1024,1024,0,0,1.2434497875801753e-14,
128,gpu-clfft,spill_free_correct,True,False,14433,"[[8, 4, 4]]","FFT(length=128,total_uthreads=256)",1,persistent,"{""FFTClfft"": 14433}",[256],262144,262144,0,0,1.2546057601205936e-08,
128,gpu-rocfft-default,spilling,True,True,3159,"[[16, 8]]","FFT(length=128,total_uthreads=256)",1,persistent,"{""FFTRocfftDefault"": 3159}",[256],262144,262144,0,0,1.4443681419431395e-08,
128,gpu-vkfft,spill_free_correct,True,False,15992,"[[8, 8, 2]]","FFT(length=128,total_uthreads=256)",1,persistent,"{""FFTVkfftLeaf0"": 15992}",[256],262144,262144,0,0,1.2593631962560995e-08,
192,m2ndp-native,spill_free_correct,True,False,30463,"[[4, 4, 4, 3]]","FFT(length=192,total_uthreads=1)",1,plain,"{""FFTRecLeaf0"": 30463}",[1],1536,1536,0,0,4.168398251298055e-09,
192,gpu-clfft,spill_free_correct,True,False,20795,"[[6, 4, 4, 2]]","FFT(length=192,total_uthreads=256)",1,persistent,"{""FFTClfft"": 20795}",[256],393216,393216,0,0,1.6241844158028585e-08,
192,gpu-rocfft-default,spill_free_correct,True,False,20795,"[[6, 4, 4, 2]]","FFT(length=192,total_uthreads=256)",1,persistent,"{""FFTRocfftDefault"": 20795}",[256],393216,393216,0,0,1.6241844158028585e-08,
192,gpu-vkfft,spill_free_correct,True,False,20283,"[[8, 8, 3]]","FFT(length=192,total_uthreads=256)",1,persistent,"{""FFTVkfftLeaf0"": 20283}",[256],393216,393216,0,0,1.3628785227928652e-08,
216,m2ndp-native,spill_free_correct,True,False,43735,"[[4, 2, 3, 3, 3]]","FFT(length=216,total_uthreads=1)",1,plain,"{""FFTRecLeaf0"": 43735}",[1],1728,1728,0,0,1.3353759161435246e-08,
216,gpu-clfft,spill_free_correct,True,False,23632,"[[6, 6, 6]]","FFT(length=216,total_uthreads=256)",1,persistent,"{""FFTClfft"": 23632}",[256],442368,442368,0,0,2.7038718984238174e-08,
216,gpu-rocfft-default,spill_free_correct,True,False,25912,"[[6, 6, 6]]","FFT(length=216,total_uthreads=256)",1,persistent,"{""FFTRocfftDefault"": 25912}",[256],442368,442368,0,0,2.7038718984238174e-08,
216,gpu-vkfft,spilling,True,True,4707,"[[9, 8, 3]]","FFT(length=216,total_uthreads=256)",1,persistent,"{""FFTVkfftLeaf0"": 4707}",[256],442368,442368,0,0,2.3490073175138882e-08,
240,m2ndp-native,spill_free_correct,True,False,38600,"[[4, 4, 3, 5]]","FFT(length=240,total_uthreads=1)",1,plain,"{""FFTRecLeaf0"": 38600}",[1],1920,1920,0,0,1.2136245445540759e-08,
240,gpu-clfft,spilling,True,True,26770,"[[10, 6, 2, 2]]","FFT(length=240,total_uthreads=8)",1,cooperative,"{""FFTClfft"": 26770}",[8],15360,15360,0,0,3.034801543717067e-08,
240,gpu-rocfft-default,spilling,True,True,5035,"[[8, 5, 6]]","FFT(length=240,total_uthreads=256)",1,persistent,"{""FFTRocfftDefault"": 5035}",[256],491520,491520,0,0,2.6562496792119582e-08,
240,gpu-vkfft,spilling,True,True,37537,"[[10, 8, 3]]","FFT(length=240,total_uthreads=256)",1,persistent,"{""FFTVkfftLeaf0"": 37537}",[256],491520,491520,0,0,3.323864341345817e-08,
256,m2ndp-native,spill_free_correct,True,False,38804,"[[4, 4, 4, 4]]","FFT(length=256,total_uthreads=1)",1,plain,"{""FFTRecLeaf0"": 38804}",[1],2048,2048,0,0,1.0126792072454708e-14,
256,gpu-clfft,spill_free_correct,True,False,33705,"[[4, 4, 4, 4]]","FFT(length=256,total_uthreads=256)",1,persistent,"{""FFTClfft"": 33705}",[256],524288,524288,0,0,2.1474457102987905e-08,
256,gpu-rocfft-default,spill_free_correct,True,False,33705,"[[4, 4, 4, 4]]","FFT(length=256,total_uthreads=256)",1,persistent,"{""FFTRocfftDefault"": 33705}",[256],524288,524288,0,0,2.1474457102987905e-08,
256,gpu-vkfft,spill_free_correct,True,False,23897,"[[8, 8, 4]]","FFT(length=256,total_uthreads=256)",1,persistent,"{""FFTVkfftLeaf0"": 23897}",[256],524288,524288,0,0,2.34687788816498e-08,
320,m2ndp-native,spill_free_correct,True,False,29933,"[[4, 4, 2, 5], [2]]","TRANSPOSE(rows=160,cols=2,replicas=1) -> FFT(length=160,total_uthreads=2) -> TRANSPOSE(rows=2,cols=160,replicas=1) -> FFT(length=2,total_uthreads=160) -> TRANSPOSE(rows=160,cols=2,replicas=1)",5,plain,"{""FFTRecPre0"": 1239, ""FFTRecNear0"": 24491, ""FFTRecMid0"": 1764, ""FFTRecLeaf1"": 1200, ""FFTRecPost0"": 1239}","[2, 160]",12800,12800,3,1,1.4286667406367797e-08,
320,gpu-clfft,spilling,True,True,43638,"[[10, 4, 4, 2]]","FFT(length=320,total_uthreads=256)",1,persistent,"{""FFTClfft"": 43638}",[256],655360,655360,0,0,3.839808497158914e-08,
320,gpu-rocfft-default,spilling,True,True,43638,"[[10, 4, 4, 2]]","FFT(length=320,total_uthreads=256)",1,persistent,"{""FFTRocfftDefault"": 43638}",[256],655360,655360,0,0,3.839808497158914e-08,
320,gpu-vkfft,spilling,True,True,46189,"[[10, 8, 4]]","FFT(length=320,total_uthreads=256)",1,persistent,"{""FFTVkfftLeaf0"": 46189}",[256],655360,655360,0,0,4.190046736015713e-08,
384,m2ndp-native,spill_free_correct,True,False,36049,"[[4, 4, 4, 3], [2]]","TRANSPOSE(rows=192,cols=2,replicas=1) -> FFT(length=192,total_uthreads=2) -> TRANSPOSE(rows=2,cols=192,replicas=1) -> FFT(length=2,total_uthreads=192) -> TRANSPOSE(rows=192,cols=2,replicas=1)",5,plain,"{""FFTRecPre0"": 1243, ""FFTRecNear0"": 30556, ""FFTRecMid0"": 1799, ""FFTRecLeaf1"": 1208, ""FFTRecPost0"": 1243}","[2, 192]",15360,15360,3,1,8.334588261088131e-09,
384,gpu-clfft,spill_free_correct,True,False,42364,"[[6, 4, 4, 4]]","FFT(length=384,total_uthreads=256)",1,persistent,"{""FFTClfft"": 42364}",[256],786432,786432,0,0,2.7905086303563878e-08,
384,gpu-rocfft-default,spill_free_correct,True,False,42364,"[[6, 4, 4, 4]]","FFT(length=384,total_uthreads=256)",1,persistent,"{""FFTRocfftDefault"": 42364}",[256],786432,786432,0,0,2.7905086303563878e-08,
384,gpu-vkfft,spill_free_correct,True,False,39165,"[[8, 8, 6]]","FFT(length=384,total_uthreads=256)",1,persistent,"{""FFTVkfftLeaf0"": 39165}",[256],786432,786432,0,0,2.6766714223017408e-08,
480,m2ndp-native,spill_free_correct,True,False,44583,"[[4, 4, 3, 5], [2]]","TRANSPOSE(rows=240,cols=2,replicas=1) -> FFT(length=240,total_uthreads=2) -> TRANSPOSE(rows=2,cols=240,replicas=1) -> FFT(length=2,total_uthreads=240) -> TRANSPOSE(rows=240,cols=2,replicas=1)",5,plain,"{""FFTRecPre0"": 1251, ""FFTRecNear0"": 39144, ""FFTRecMid0"": 1790, ""FFTRecLeaf1"": 1189, ""FFTRecPost0"": 1209}","[2, 240]",19200,19200,3,1,2.190448785330605e-08,
480,gpu-clfft,spilling,True,True,71958,"[[10, 6, 2, 2, 2]]","FFT(length=480,total_uthreads=256)",1,persistent,"{""FFTClfft"": 71958}",[256],983040,983040,0,0,3.441964989487824e-08,
480,gpu-rocfft-default,spilling,True,True,57335,"[[10, 8, 6]]","FFT(length=480,total_uthreads=256)",1,persistent,"{""FFTRocfftDefault"": 57335}",[256],983040,983040,0,0,4.593325139086689e-08,
480,gpu-vkfft,spilling,True,True,70198,"[[10, 8, 6]]","FFT(length=480,total_uthreads=256)",1,persistent,"{""FFTVkfftLeaf0"": 70198}",[256],983040,983040,0,0,4.593325139086689e-08,
512,m2ndp-native,spill_free_correct,True,False,45629,"[[4, 4, 4, 4], [2]]","TRANSPOSE(rows=256,cols=2,replicas=1) -> FFT(length=256,total_uthreads=2) -> TRANSPOSE(rows=2,cols=256,replicas=1) -> FFT(length=2,total_uthreads=256) -> TRANSPOSE(rows=256,cols=2,replicas=1)",5,plain,"{""FFTRecPre0"": 1253, ""FFTRecNear0"": 40254, ""FFTRecMid0"": 1686, ""FFTRecLeaf1"": 1223, ""FFTRecPost0"": 1213}","[2, 256]",20480,20480,3,1,1.6758116906701664e-14,
512,gpu-clfft,spill_free_correct,True,False,49518,"[[8, 8, 8]]","FFT(length=512,total_uthreads=256)",1,persistent,"{""FFTClfft"": 49518}",[256],1048576,1048576,0,0,3.2067762752657956e-08,
512,gpu-rocfft-default,spill_free_correct,True,False,49518,"[[8, 8, 8]]","FFT(length=512,total_uthreads=256)",1,persistent,"{""FFTRocfftDefault"": 49518}",[256],1048576,1048576,0,0,3.2067762752657956e-08,
512,gpu-vkfft,spill_free_correct,True,False,49518,"[[8, 8, 8]]","FFT(length=512,total_uthreads=256)",1,persistent,"{""FFTVkfftLeaf0"": 49518}",[256],1048576,1048576,0,0,3.2067762752657956e-08,
768,m2ndp-native,spill_free_correct,True,False,40905,"[[4, 4, 4, 3], [4]]","TRANSPOSE(rows=192,cols=4,replicas=1) -> FFT(length=192,total_uthreads=4) -> TRANSPOSE(rows=4,cols=192,replicas=1) -> FFT(length=4,total_uthreads=192) -> TRANSPOSE(rows=192,cols=4,replicas=1)",5,plain,"{""FFTRecPre0"": 2239, ""FFTRecNear0"": 31833, ""FFTRecMid0"": 3307, ""FFTRecLeaf1"": 1287, ""FFTRecPost0"": 2239}","[4, 192]",30720,30720,3,1,9.28633789759421e-09,
768,gpu-clfft,spill_free_correct,True,False,111321,"[[6, 4, 4, 4, 2]]","FFT(length=768,total_uthreads=256)",1,persistent,"{""FFTClfft"": 111321}",[256],1572864,1572864,0,0,4.3011761886928955e-08,
768,gpu-rocfft-default,spilling,True,True,14584,"[[16, 3, 16]]","FFT(length=768,total_uthreads=256)",1,persistent,"{""FFTRocfftDefault"": 14584}",[256],1572864,1572864,0,0,5.15460611585649e-08,
768,gpu-vkfft,spill_free_correct,True,False,112013,"[[8, 8, 6, 2]]","FFT(length=768,total_uthreads=256)",1,persistent,"{""FFTVkfftLeaf0"": 112013}",[256],1572864,1572864,0,0,4.3095484162876215e-08,
960,m2ndp-native,spill_free_correct,True,False,49238,"[[4, 4, 3, 5], [4]]","TRANSPOSE(rows=240,cols=4,replicas=1) -> FFT(length=240,total_uthreads=4) -> TRANSPOSE(rows=4,cols=240,replicas=1) -> FFT(length=4,total_uthreads=240) -> TRANSPOSE(rows=240,cols=4,replicas=1)",5,plain,"{""FFTRecPre0"": 2241, ""FFTRecNear0"": 40378, ""FFTRecMid0"": 3086, ""FFTRecLeaf1"": 1290, ""FFTRecPost0"": 2243}","[4, 240]",38400,38400,3,1,2.5793779073847613e-08,
960,gpu-clfft,spilling,True,True,163657,"[[10, 6, 2, 2, 2, 2]]","FFT(length=960,total_uthreads=256)",1,persistent,"{""FFTClfft"": 163657}",[256],1966080,1966080,0,0,6.677338614214971e-08,
960,gpu-rocfft-default,spilling,True,True,18515,"[[16, 10, 6]]","FFT(length=960,total_uthreads=256)",1,persistent,"{""FFTRocfftDefault"": 18515}",[256],1966080,1966080,0,0,6.892678524037294e-08,
960,gpu-vkfft,spilling,True,True,185179,"[[10, 8, 6, 2]]","FFT(length=960,total_uthreads=256)",1,persistent,"{""FFTVkfftLeaf0"": 185179}",[256],1966080,1966080,0,0,6.222569244871697e-08,
1024,m2ndp-native,spill_free_correct,True,False,49097,"[[4, 4, 4, 4], [4]]","TRANSPOSE(rows=256,cols=4,replicas=1) -> FFT(length=256,total_uthreads=4) -> TRANSPOSE(rows=4,cols=256,replicas=1) -> FFT(length=4,total_uthreads=256) -> TRANSPOSE(rows=256,cols=4,replicas=1)",5,plain,"{""FFTRecPre0"": 2246, ""FFTRecNear0"": 40264, ""FFTRecMid0"": 3038, ""FFTRecLeaf1"": 1303, ""FFTRecPost0"": 2246}","[4, 256]",40960,40960,3,1,2.864289338439558e-14,
1024,gpu-clfft,spill_free_correct,True,False,137474,"[[8, 8, 4, 4]]","FFT(length=1024,total_uthreads=256)",1,persistent,"{""FFTClfft"": 137474}",[256],2097152,2097152,0,0,5.12445561204854e-08,
1024,gpu-rocfft-default,spill_free_correct,True,False,137474,"[[8, 8, 4, 4]]","FFT(length=1024,total_uthreads=256)",1,persistent,"{""FFTRocfftDefault"": 137474}",[256],2097152,2097152,0,0,5.12445561204854e-08,
1024,gpu-vkfft,spill_free_correct,True,False,141395,"[[8, 8, 8, 2]]","FFT(length=1024,total_uthreads=256)",1,persistent,"{""FFTVkfftLeaf0"": 141395}",[256],2097152,2097152,0,0,5.1244561466855e-08,
1536,m2ndp-native,spill_free_correct,True,False,55983,"[[4, 4, 4, 3], [4, 2]]","TRANSPOSE(rows=192,cols=8,replicas=1) -> FFT(length=192,total_uthreads=8) -> TRANSPOSE(rows=8,cols=192,replicas=1) -> FFT(length=8,total_uthreads=192) -> TRANSPOSE(rows=192,cols=8,replicas=1)",5,plain,"{""FFTRecPre0"": 7195, ""FFTRecNear0"": 31845, ""FFTRecMid0"": 7243, ""FFTRecLeaf1"": 2510, ""FFTRecPost0"": 7190}","[8, 192]",61440,61440,3,1,1.4667274396118552e-08,
1536,gpu-clfft,spill_free_correct,True,False,244467,"[[6, 4, 4, 4, 4]]","FFT(length=1536,total_uthreads=256)",1,persistent,"{""FFTClfft"": 244467}",[256],3145728,3145728,0,0,7.655282617773234e-08,
1536,gpu-rocfft-default,spilling,True,True,28742,"[[16, 16, 6]]","FFT(length=1536,total_uthreads=256)",1,persistent,"{""FFTRocfftDefault"": 28742}",[256],3145728,3145728,0,0,6.78046491118075e-08,
1536,gpu-vkfft,spill_free_correct,True,False,241390,"[[8, 8, 8, 3]]","FFT(length=1536,total_uthreads=256)",1,persistent,"{""FFTVkfftLeaf0"": 241390}",[256],3145728,3145728,0,0,5.9533588332755434e-08,
2048,m2ndp-native,spill_free_correct,True,False,64646,"[[4, 4, 4, 4], [4, 2]]","TRANSPOSE(rows=256,cols=8,replicas=1) -> FFT(length=256,total_uthreads=8) -> TRANSPOSE(rows=8,cols=256,replicas=1) -> FFT(length=8,total_uthreads=256) -> TRANSPOSE(rows=256,cols=8,replicas=1)",5,plain,"{""FFTRecPre0"": 7195, ""FFTRecNear0"": 40264, ""FFTRecMid0"": 7455, ""FFTRecLeaf1"": 2539, ""FFTRecPost0"": 7193}","[8, 256]",81920,81920,3,1,1.7272237882760483e-08,
2048,gpu-clfft,spill_free_correct,True,False,305382,"[[8, 8, 8, 4]]","FFT(length=2048,total_uthreads=256)",1,persistent,"{""FFTClfft"": 305382}",[256],4194304,4194304,0,0,7.015116404774442e-08,
2048,gpu-rocfft-default,spilling,True,True,37764,"[[16, 16, 8]]","FFT(length=2048,total_uthreads=256)",1,persistent,"{""FFTRocfftDefault"": 37764}",[256],4194304,4194304,0,0,7.894502715010403e-08,
2048,gpu-vkfft,spill_free_correct,True,False,305382,"[[8, 8, 8, 4]]","FFT(length=2048,total_uthreads=256)",1,persistent,"{""FFTVkfftLeaf0"": 305382}",[256],4194304,4194304,0,0,7.015116404774442e-08,
3072,m2ndp-native,spill_free_correct,True,False,56328,"[[4, 4, 4, 3], [4, 4]]","TRANSPOSE(rows=192,cols=16,replicas=1) -> FFT(length=192,total_uthreads=16) -> TRANSPOSE(rows=16,cols=192,replicas=1) -> FFT(length=16,total_uthreads=192) -> TRANSPOSE(rows=192,cols=16,replicas=1)",5,plain,"{""FFTRecPre0"": 7019, ""FFTRecNear0"": 32030, ""FFTRecMid0"": 7261, ""FFTRecLeaf1"": 2997, ""FFTRecPost0"": 7021}","[16, 192]",122880,122880,3,1,6.293489595930101e-08,
3072,gpu-clfft,compile_failure,True,not_available,not_available,"[[6, 4, 4, 4, 4, 2]]","FFT(length=3072,total_uthreads=256)",1,persistent,not_available,[256],6291456,6291456,0,0,1.0624843247551162e-07,"build failed: e/gen.mojo:112960:16: warning: 'if' condition always evaluates to 'True'; 'else' branch is unreachable\n            if True:  # batch 191 scope\n               ^\n/tmp/fft_spill_probe_25x1sihp/stage/gen.mojo:112979:16: warning: 'if' condition always evaluates to 'True'; 'else' branch is unreachable\n            if True:  # batch 191 scope\n               ^\nIncluded from /tmp/fft_spill_probe_25x1sihp/stage/gen.mojo:6:\n/tmp/fft_spill_probe_25x1sihp/stage/m2ndp_host.mojo:43:49: warning: Using String.__len__() is discouraged, prefer .byte_length() or .count_codepoints()\n        var overload = String(ir[byte = start + len(MARK) : open])\n                                                ^~~\n<unknown>:0: note: 'len' declared here\nIncluded from /tmp/fft_spill_probe_25x1sihp/stage/gen.mojo:6:\n/tmp/fft_spill_probe_25x1sihp/stage/m2ndp_host.mojo:46:44: warning: Using String.__len__() is discouraged, prefer .byte_length() or .count_codepoints()\n        for i in range(dot if dot > 0 else len(overload)):\n                                           ^~~\n<unknown>:0: note: 'len' declared here\n/tmp/fft_spill_probe_25x1sihp/stage/gen.mojo:61:13: warning: ref 'p' was never used, remove it?\n        ref p = FFTClfft.params[]\n            ^\n/tmp/fft_spill_probe_25x1sihp/stage/gen.mojo:19735:13: warning: ref 'p' was never used, remove it?\n        ref p = FFTClfft.params[]\n            ^\n/tmp/fft_spill_probe_25x1sihp/stage/gen.mojo:42450:13: warning: ref 'p' was never used, remove it?\n        ref p = FFTClfft.params[]\n            ^\n/tmp/fft_spill_probe_25x1sihp/stage/gen.mojo:64976:13: warning: ref 'p' was never used, remove it?\n        ref p = FFTClfft.params[]\n            ^\n/tmp/fft_spill_probe_25x1sihp/stage/gen.mojo:86746:13: warning: ref 'p' was never used, remove it?\n        ref p = FFTClfft.params[]\n            ^\n/tmp/fft_spill_probe_25x1sihp/stage/gen.mojo:105492:13: warning: ref 'p' was never used, remove it?\n        ref p = FFTClfft.params[]\n            ^\n"""
3072,gpu-rocfft-default,compile_failure,True,not_available,not_available,"[[6, 4, 4, 4, 4, 2]]","FFT(length=3072,total_uthreads=256)",1,persistent,not_available,[256],6291456,6291456,0,0,1.0624843247551162e-07,"build failed: ways evaluates to 'True'; 'else' branch is unreachable\n            if True:  # batch 191 scope\n               ^\n/tmp/fft_spill_probe_vvoob7o0/stage/gen.mojo:112979:16: warning: 'if' condition always evaluates to 'True'; 'else' branch is unreachable\n            if True:  # batch 191 scope\n               ^\nIncluded from /tmp/fft_spill_probe_vvoob7o0/stage/gen.mojo:6:\n/tmp/fft_spill_probe_vvoob7o0/stage/m2ndp_host.mojo:43:49: warning: Using String.__len__() is discouraged, prefer .byte_length() or .count_codepoints()\n        var overload = String(ir[byte = start + len(MARK) : open])\n                                                ^~~\n<unknown>:0: note: 'len' declared here\nIncluded from /tmp/fft_spill_probe_vvoob7o0/stage/gen.mojo:6:\n/tmp/fft_spill_probe_vvoob7o0/stage/m2ndp_host.mojo:46:44: warning: Using String.__len__() is discouraged, prefer .byte_length() or .count_codepoints()\n        for i in range(dot if dot > 0 else len(overload)):\n                                           ^~~\n<unknown>:0: note: 'len' declared here\n/tmp/fft_spill_probe_vvoob7o0/stage/gen.mojo:61:13: warning: ref 'p' was never used, remove it?\n        ref p = FFTRocfftDefault.params[]\n            ^\n/tmp/fft_spill_probe_vvoob7o0/stage/gen.mojo:19735:13: warning: ref 'p' was never used, remove it?\n        ref p = FFTRocfftDefault.params[]\n            ^\n/tmp/fft_spill_probe_vvoob7o0/stage/gen.mojo:42450:13: warning: ref 'p' was never used, remove it?\n        ref p = FFTRocfftDefault.params[]\n            ^\n/tmp/fft_spill_probe_vvoob7o0/stage/gen.mojo:64976:13: warning: ref 'p' was never used, remove it?\n        ref p = FFTRocfftDefault.params[]\n            ^\n/tmp/fft_spill_probe_vvoob7o0/stage/gen.mojo:86746:13: warning: ref 'p' was never used, remove it?\n        ref p = FFTRocfftDefault.params[]\n            ^\n/tmp/fft_spill_probe_vvoob7o0/stage/gen.mojo:105492:13: warning: ref 'p' was never used, remove it?\n        ref p = FFTRocfftDefault.params[]\n            ^\n"""
3072,gpu-vkfft,spill_free_correct,True,False,553045,"[[8, 8, 8, 6]]","FFT(length=3072,total_uthreads=256)",1,persistent,"{""FFTVkfftLeaf0"": 553045}",[256],6291456,6291456,0,0,8.496132532256853e-08,
4096,m2ndp-native,spill_free_correct,True,False,64346,"[[4, 4, 4, 4], [4, 4]]","TRANSPOSE(rows=256,cols=16,replicas=1) -> FFT(length=256,total_uthreads=16) -> TRANSPOSE(rows=16,cols=256,replicas=1) -> FFT(length=16,total_uthreads=256) -> TRANSPOSE(rows=256,cols=16,replicas=1)",5,plain,"{""FFTRecPre0"": 7024, ""FFTRecNear0"": 40286, ""FFTRecMid0"": 6979, ""FFTRecLeaf1"": 3027, ""FFTRecPost0"": 7030}","[16, 256]",163840,163840,3,1,6.426706768347718e-08,
4096,gpu-clfft,compile_failure,True,not_available,not_available,"[[8, 8, 8, 8]]","FFT(length=4096,total_uthreads=256)",1,persistent,not_available,[256],8388608,8388608,0,0,1.2632476090275249e-07,"build failed:  unreachable\n            if True:  # batch 62 scope\n               ^\n/tmp/fft_spill_probe_97zuk1sa/stage/gen.mojo:119791:16: warning: 'if' condition always evaluates to 'True'; 'else' branch is unreachable\n            if True:  # batch 62 scope\n               ^\n/tmp/fft_spill_probe_97zuk1sa/stage/gen.mojo:119907:16: warning: 'if' condition always evaluates to 'True'; 'else' branch is unreachable\n            if True:  # batch 63 scope\n               ^\n/tmp/fft_spill_probe_97zuk1sa/stage/gen.mojo:120022:16: warning: 'if' condition always evaluates to 'True'; 'else' branch is unreachable\n            if True:  # batch 63 scope\n               ^\nIncluded from /tmp/fft_spill_probe_97zuk1sa/stage/gen.mojo:6:\n/tmp/fft_spill_probe_97zuk1sa/stage/m2ndp_host.mojo:43:49: warning: Using String.__len__() is discouraged, prefer .byte_length() or .count_codepoints()\n        var overload = String(ir[byte = start + len(MARK) : open])\n                                                ^~~\n<unknown>:0: note: 'len' declared here\nIncluded from /tmp/fft_spill_probe_97zuk1sa/stage/gen.mojo:6:\n/tmp/fft_spill_probe_97zuk1sa/stage/m2ndp_host.mojo:46:44: warning: Using String.__len__() is discouraged, prefer .byte_length() or .count_codepoints()\n        for i in range(dot if dot > 0 else len(overload)):\n                                           ^~~\n<unknown>:0: note: 'len' declared here\n/tmp/fft_spill_probe_97zuk1sa/stage/gen.mojo:61:13: warning: ref 'p' was never used, remove it?\n        ref p = FFTClfft.params[]\n            ^\n/tmp/fft_spill_probe_97zuk1sa/stage/gen.mojo:26391:13: warning: ref 'p' was never used, remove it?\n        ref p = FFTClfft.params[]\n            ^\n/tmp/fft_spill_probe_97zuk1sa/stage/gen.mojo:66493:13: warning: ref 'p' was never used, remove it?\n        ref p = FFTClfft.params[]\n            ^\n/tmp/fft_spill_probe_97zuk1sa/stage/gen.mojo:105335:13: warning: ref 'p' was never used, remove it?\n        ref p = FFTClfft.params[]\n            ^\n"""
4096,gpu-rocfft-default,spilling,True,True,74927,"[[16, 16, 16]]","FFT(length=4096,total_uthreads=256)",1,persistent,"{""FFTRocfftDefault"": 74927}",[256],8388608,8388608,0,0,1.4139584361108333e-07,
4096,gpu-vkfft,compile_failure,True,not_available,not_available,"[[8, 8, 8, 8]]","FFT(length=4096,total_uthreads=256)",1,persistent,not_available,[256],8388608,8388608,0,0,1.2632476090275249e-07,"build failed: ijdseev/stage/gen.mojo:119791:16: warning: 'if' condition always evaluates to 'True'; 'else' branch is unreachable\n            if True:  # batch 62 scope\n               ^\n/tmp/fft_spill_probe_1ijdseev/stage/gen.mojo:119907:16: warning: 'if' condition always evaluates to 'True'; 'else' branch is unreachable\n            if True:  # batch 63 scope\n               ^\n/tmp/fft_spill_probe_1ijdseev/stage/gen.mojo:120022:16: warning: 'if' condition always evaluates to 'True'; 'else' branch is unreachable\n            if True:  # batch 63 scope\n               ^\nIncluded from /tmp/fft_spill_probe_1ijdseev/stage/gen.mojo:6:\n/tmp/fft_spill_probe_1ijdseev/stage/m2ndp_host.mojo:43:49: warning: Using String.__len__() is discouraged, prefer .byte_length() or .count_codepoints()\n        var overload = String(ir[byte = start + len(MARK) : open])\n                                                ^~~\n<unknown>:0: note: 'len' declared here\nIncluded from /tmp/fft_spill_probe_1ijdseev/stage/gen.mojo:6:\n/tmp/fft_spill_probe_1ijdseev/stage/m2ndp_host.mojo:46:44: warning: Using String.__len__() is discouraged, prefer .byte_length() or .count_codepoints()\n        for i in range(dot if dot > 0 else len(overload)):\n                                           ^~~\n<unknown>:0: note: 'len' declared here\n/tmp/fft_spill_probe_1ijdseev/stage/gen.mojo:61:13: warning: ref 'p' was never used, remove it?\n        ref p = FFTVkfftLeaf0.params[]\n            ^\n/tmp/fft_spill_probe_1ijdseev/stage/gen.mojo:26391:13: warning: ref 'p' was never used, remove it?\n        ref p = FFTVkfftLeaf0.params[]\n            ^\n/tmp/fft_spill_probe_1ijdseev/stage/gen.mojo:66493:13: warning: ref 'p' was never used, remove it?\n        ref p = FFTVkfftLeaf0.params[]\n            ^\n/tmp/fft_spill_probe_1ijdseev/stage/gen.mojo:105335:13: warning: ref 'p' was never used, remove it?\n        ref p = FFTVkfftLeaf0.params[]\n            ^\n'+xm2ndp' is not a recognized feature for this target (ignoring feature)\n"""
